Id,X, Y,Pop,
3,523961.55900000001,1739511.9680000001,
4,523959.27909999999,1740493.121,
1,522499.95669999998,1744804.3959999999,
8,538991.91949999996,1729576.449,
2,524644.16780000005,1740528.655,
9,529305.53749999998,1744585.8600000001,
6,537262.93440000003,1743524.8049999999,
5,533646.31570000004,1745343.338,
7,536743.94400000002,1745306.9399999999,
